paper,metric,metric_type,value,lo,hi,scale_min,scale_max
Kudymowa et al. 2023,overall,percentile,72.0,72.0,72.0,0,100
Kudymowa et al. 2023,claims_evidence,percentile,73.0,73.0,73.0,0,100
Kudymowa et al. 2023,methods,percentile,66.0,66.0,66.0,0,100
Kudymowa et al. 2023,advancing_knowledge,percentile,64.0,64.0,64.0,0,100
Kudymowa et al. 2023,logic_communication,percentile,78.0,78.0,78.0,0,100
Kudymowa et al. 2023,open_science,percentile,64.0,64.0,64.0,0,100
Kudymowa et al. 2023,global_relevance,percentile,82.0,82.0,82.0,0,100
Kudymowa et al. 2023,tier_should,tier,3.0,3.0,3.0,0,5
Kudymowa et al. 2023,tier_will,tier,2.7,2.7,2.7,0,5
